drgv22,drg_title,mdc,mdc_name,drg_type,relative_weights,geometric_mean_los
1,CRANIOTOMY AGE >17 W CC,01,Nervous System,SURG,3.3344,7.5
2,CRANIOTOMY AGE >17 W/O CC,01,Nervous System,SURG,1.9467,3.6
3,CRANIOTOMY AGE 0-17,01,Nervous System,SURG,1.9767,12.7
6,CARPAL TUNNEL RELEASE,01,Nervous System,SURG,0.785,2.2
7,PERIPH & CRANIAL NERVE & OTHER NERV SYST PROC W CC,01,Nervous System,SURG,2.657,6.6
8,PERIPH & CRANIAL NERVE & OTHER NERV SYST PROC W/O CC,01,Nervous System,SURG,1.5588,1.9
9,SPINAL DISORDERS & INJURIES,01,Nervous System,MED,1.2435,4.3
10,NERVOUS SYSTEM NEOPLASMS W CC,01,Nervous System,MED,1.2241,4.7
11,NERVOUS SYSTEM NEOPLASMS W/O CC,01,Nervous System,MED,0.8771,2.9
12,DEGENERATIVE NERVOUS SYSTEM DISORDERS,01,Nervous System,MED,0.9136,4.3
13,MULTIPLE SCLEROSIS & CEREBELLAR ATAXIA,01,Nervous System,MED,0.8171,4.0
14,INTRACRANIAL HEMORRHAGE OR CEREBRAL INFARCTION,01,Nervous System,MED,1.2719,4.6
15,NONSPECIFIC CVA & PRECEREBRAL OCCLUSION W/O INFARCT,01,Nervous System,MED,0.9482,3.7
16,NONSPECIFIC CEREBROVASCULAR DISORDERS W CC,01,Nervous System,MED,1.2454,4.7
17,NONSPECIFIC CEREBROVASCULAR DISORDERS W/O CC,01,Nervous System,MED,0.6996,2.5
18,CRANIAL & PERIPHERAL NERVE DISORDERS W CC,01,Nervous System,MED,0.9919,4.1
19,CRANIAL & PERIPHERAL NERVE DISORDERS W/O CC,01,Nervous System,MED,0.7048,2.8
20,NERVOUS SYSTEM INFECTION EXCEPT VIRAL MENINGITIS,01,Nervous System,MED,2.8318,8.0
21,VIRAL MENINGITIS,01,Nervous System,MED,1.5238,5.0
22,HYPERTENSIVE ENCEPHALOPATHY,01,Nervous System,MED,1.1206,4.0
23,NONTRAUMATIC STUPOR & COMA,01,Nervous System,MED,0.8365,3.2
24,SEIZURE & HEADACHE AGE >17 W CC,01,Nervous System,MED,1.013,3.6
25,SEIZURE & HEADACHE AGE >17 W/O CC,01,Nervous System,MED,0.6143,2.5
26,SEIZURE & HEADACHE AGE 0-17,01,Nervous System,MED,0.568,2.4
27,"TRAUMATIC STUPOR & COMA, COMA >1 HR",01,Nervous System,MED,1.3496,3.2
28,"TRAUMATIC STUPOR & COMA, COMA <1 HR AGE >17 W CC",01,Nervous System,MED,1.3254,4.4
29,"TRAUMATIC STUPOR & COMA, COMA <1 HR AGE >17 W/O CC",01,Nervous System,MED,0.7061,2.6
30,"TRAUMATIC STUPOR & COMA, COMA <1 HR AGE 0-17",01,Nervous System,MED,0.3343,2.0
31,CONCUSSION AGE >17 W CC,01,Nervous System,MED,0.9385,3.0
32,CONCUSSION AGE >17 W/O CC,01,Nervous System,MED,0.5978,2.0
33,CONCUSSION AGE 0-17,01,Nervous System,MED,0.21,1.6
34,OTHER DISORDERS OF NERVOUS SYSTEM W CC,01,Nervous System,MED,0.9827,3.6
35,OTHER DISORDERS OF NERVOUS SYSTEM W/O CC,01,Nervous System,MED,0.6436,2.5
36,RETINAL PROCEDURES,02,Eye,SURG,0.6746,1.3
37,ORBITAL PROCEDURES,02,Eye,SURG,1.1542,2.7
38,PRIMARY IRIS PROCEDURES,02,Eye,SURG,0.5268,1.7
39,LENS PROCEDURES WITH OR WITHOUT VITRECTOMY,02,Eye,SURG,0.6282,1.6
40,EXTRAOCULAR PROCEDURES EXCEPT ORBIT AGE >17,02,Eye,SURG,0.9621,2.9
41,EXTRAOCULAR PROCEDURES EXCEPT ORBIT AGE 0-17,02,Eye,SURG,0.3403,1.6
42,"INTRAOCULAR PROCEDURES EXCEPT RETINA, IRIS & LENS",02,Eye,SURG,0.7373,2.0
43,HYPHEMA,02,Eye,MED,0.6451,2.7
44,ACUTE MAJOR EYE INFECTIONS,02,Eye,MED,0.6594,4.0
45,NEUROLOGICAL EYE DISORDERS,02,Eye,MED,0.7268,2.6
46,OTHER DISORDERS OF THE EYE AGE >17 W CC,02,Eye,MED,0.7758,3.3
47,OTHER DISORDERS OF THE EYE AGE >17 W/O CC,02,Eye,MED,0.5502,2.5
48,OTHER DISORDERS OF THE EYE AGE 0-17,02,Eye,MED,0.2998,2.9
49,MAJOR HEAD & NECK PROCEDURES,03,"Ear, Nose & Throat",SURG,1.748,3.3
50,SIALOADENECTOMY,03,"Ear, Nose & Throat",SURG,0.8708,1.5
51,SALIVARY GLAND PROCEDURES EXCEPT SIALOADENECTOMY,03,"Ear, Nose & Throat",SURG,0.7958,1.8
52,CLEFT LIP & PALATE REPAIR,03,"Ear, Nose & Throat",SURG,0.7882,1.6
53,SINUS & MASTOID PROCEDURES AGE >17,03,"Ear, Nose & Throat",SURG,1.2103,2.2
54,SINUS & MASTOID PROCEDURES AGE 0-17,03,"Ear, Nose & Throat",SURG,0.486,3.2
55,"MISCELLANEOUS EAR, NOSE, MOUTH & THROAT PROCEDURES",03,"Ear, Nose & Throat",SURG,0.9111,1.9
56,RHINOPLASTY,03,"Ear, Nose & Throat",SURG,0.9082,1.9
57,"T&A PROC, EXCEPT TONSILLECTOMY &/OR ADENOIDECTOMY ONLY, AGE >17",03,"Ear, Nose & Throat",SURG,1.0275,2.5
58,"T&A PROC, EXCEPT TONSILLECTOMY &/OR ADENOIDECTOMY ONLY, AGE 0-17",03,"Ear, Nose & Throat",SURG,0.2759,1.5
59,"TONSILLECTOMY &/OR ADENOIDECTOMY ONLY, AGE >17",03,"Ear, Nose & Throat",SURG,0.642,1.8
60,"TONSILLECTOMY &/OR ADENOIDECTOMY ONLY, AGE 0-17",03,"Ear, Nose & Throat",SURG,0.2101,1.5
61,MYRINGOTOMY W TUBE INSERTION AGE >17,03,"Ear, Nose & Throat",SURG,1.5317,3.3
62,MYRINGOTOMY W TUBE INSERTION AGE 0-17,03,"Ear, Nose & Throat",SURG,0.2975,1.3
63,"OTHER EAR, NOSE, MOUTH & THROAT O.R. PROCEDURES",03,"Ear, Nose & Throat",SURG,1.3887,3.0
64,"EAR, NOSE, MOUTH & THROAT MALIGNANCY",03,"Ear, Nose & Throat",MED,1.3117,4.2
65,DYSEQUILIBRIUM,03,"Ear, Nose & Throat",MED,0.5959,2.3
66,EPISTAXIS,03,"Ear, Nose & Throat",MED,0.5861,2.4
67,EPIGLOTTITIS,03,"Ear, Nose & Throat",MED,0.8402,2.8
68,OTITIS MEDIA & URI AGE >17 W CC,03,"Ear, Nose & Throat",MED,0.6655,3.0
69,OTITIS MEDIA & URI AGE >17 W/O CC,03,"Ear, Nose & Throat",MED,0.496,2.4
70,OTITIS MEDIA & URI AGE 0-17,03,"Ear, Nose & Throat",MED,0.4652,2.4
71,LARYNGOTRACHEITIS,03,"Ear, Nose & Throat",MED,0.5215,3.0
72,NASAL TRAUMA & DEFORMITY,03,"Ear, Nose & Throat",MED,0.7378,2.7
73,"OTHER EAR, NOSE, MOUTH & THROAT DIAGNOSES AGE >17",03,"Ear, Nose & Throat",MED,0.8347,3.3
74,"OTHER EAR, NOSE, MOUTH & THROAT DIAGNOSES AGE 0-17",03,"Ear, Nose & Throat",MED,0.3382,2.1
75,MAJOR CHEST PROCEDURES,04,Respiratory System,SURG,3.0337,7.6
76,OTHER RESP SYSTEM O.R. PROCEDURES W CC,04,Respiratory System,SURG,2.824,8.3
77,OTHER RESP SYSTEM O.R. PROCEDURES W/O CC,04,Respiratory System,SURG,1.2231,3.5
78,PULMONARY EMBOLISM,04,Respiratory System,MED,1.2478,5.5
79,RESPIRATORY INFECTIONS & INFLAMMATIONS AGE >17 W CC,04,Respiratory System,MED,1.5872,6.6
80,RESPIRATORY INFECTIONS & INFLAMMATIONS AGE >17 W/O CC,04,Respiratory System,MED,0.8497,4.3
81,RESPIRATORY INFECTIONS & INFLAMMATIONS AGE 0-17,04,Respiratory System,MED,1.5311,6.1
82,RESPIRATORY NEOPLASMS,04,Respiratory System,MED,1.3717,5.1
83,MAJOR CHEST TRAUMA W CC,04,Respiratory System,MED,0.9806,4.3
84,MAJOR CHEST TRAUMA W/O CC,04,Respiratory System,MED,0.5539,2.6
85,PLEURAL EFFUSION W CC,04,Respiratory System,MED,1.2309,4.8
86,PLEURAL EFFUSION W/O CC,04,Respiratory System,MED,0.6976,2.8
87,PULMONARY EDEMA & RESPIRATORY FAILURE,04,Respiratory System,MED,1.3542,4.9
88,CHRONIC OBSTRUCTIVE PULMONARY DISEASE,04,Respiratory System,MED,0.9089,4.1
89,SIMPLE PNEUMONIA & PLEURISY AGE >17 W CC,04,Respiratory System,MED,1.0479,4.8
90,SIMPLE PNEUMONIA & PLEURISY AGE >17 W/O CC,04,Respiratory System,MED,0.6172,3.3
91,SIMPLE PNEUMONIA & PLEURISY AGE 0-17,04,Respiratory System,MED,0.6271,2.9
92,INTERSTITIAL LUNG DISEASE W CC,04,Respiratory System,MED,1.193,4.9
93,INTERSTITIAL LUNG DISEASE W/O CC,04,Respiratory System,MED,0.7123,3.2
94,PNEUMOTHORAX W CC,04,Respiratory System,MED,1.1476,4.6
95,PNEUMOTHORAX W/O CC,04,Respiratory System,MED,0.6013,3.0
96,BRONCHITIS & ASTHMA AGE >17 W CC,04,Respiratory System,MED,0.7439,3.6
97,BRONCHITIS & ASTHMA AGE >17 W/O CC,04,Respiratory System,MED,0.5428,2.8
98,BRONCHITIS & ASTHMA AGE 0-17,04,Respiratory System,MED,0.5534,2.7
99,RESPIRATORY SIGNS & SYMPTOMS W CC,04,Respiratory System,MED,0.7178,2.4
100,RESPIRATORY SIGNS & SYMPTOMS W/O CC,04,Respiratory System,MED,0.5445,1.8
101,OTHER RESPIRATORY SYSTEM DIAGNOSES W CC,04,Respiratory System,MED,0.8711,3.3
102,OTHER RESPIRATORY SYSTEM DIAGNOSES W/O CC,04,Respiratory System,MED,0.5473,2.0
103,HEART TRANSPLANT OR IMPLANT OF HEART ASSIST SYSTEM,PRE,Pre-MDC (Transplants & Critical Care),SURG,19.5514,25.7
104,CARDIAC VALVE & OTH MAJOR CARDIOTHORACIC PROC W CARD CATH,05,Circulatory System (Heart),SURG,7.918,12.4
105,CARDIAC VALVE & OTH MAJOR CARDIOTHORACIC PROC W/O CARD CATH,05,Circulatory System (Heart),SURG,5.7937,8.3
106,CORONARY BYPASS W PTCA,05,Circulatory System (Heart),SURG,7.3062,9.6
107,CORONARY BYPASS W CARDIAC CATH,05,Circulatory System (Heart),SURG,5.3757,9.3
108,OTHER CARDIOTHORACIC PROCEDURES,05,Circulatory System (Heart),SURG,5.1702,6.9
109,CORONARY BYPASS W/O PTCA OR CARDIAC CATH,05,Circulatory System (Heart),SURG,3.945,6.8
110,MAJOR CARDIOVASCULAR PROCEDURES W CC,05,Circulatory System (Heart),SURG,3.9587,6.1
111,MAJOR CARDIOVASCULAR PROCEDURES W/O CC,05,Circulatory System (Heart),SURG,2.4488,2.8
113,AMPUTATION FOR CIRC SYSTEM DISORDERS EXCEPT UPPER LIMB & TOE,05,Circulatory System (Heart),SURG,3.1063,10.7
114,UPPER LIMB & TOE AMPUTATION FOR CIRC SYSTEM DISORDERS,05,Circulatory System (Heart),SURG,1.6955,6.3
115,PRM CARD PACEM IMPL W AMI/HR/SHOCK OR AICD LEAD OR GNRTR,05,Circulatory System (Heart),SURG,3.5928,4.6
116,OTHER PERMANENT CARDIAC PACEMAKER IMPLANT,05,Circulatory System (Heart),SURG,2.3561,3.0
117,CARDIAC PACEMAKER REVISION EXCEPT DEVICE REPLACEMENT,05,Circulatory System (Heart),SURG,1.3529,2.6
118,CARDIAC PACEMAKER DEVICE REPLACEMENT,05,Circulatory System (Heart),SURG,1.6751,2.0
119,VEIN LIGATION & STRIPPING,05,Circulatory System (Heart),SURG,1.4322,3.2
120,OTHER CIRCULATORY SYSTEM O.R. PROCEDURES,05,Circulatory System (Heart),SURG,2.3051,5.6
121,"CIRCULATORY DISORDERS W AMI & MAJOR COMP, DISCHARGED ALIVE",05,Circulatory System (Heart),MED,1.62,5.3
122,"CIRCULATORY DISORDERS W AMI W/O MAJOR COMP, DISCHARGED ALIVE",05,Circulatory System (Heart),MED,1.0127,2.9
123,"CIRCULATORY DISORDERS W AMI, EXPIRED",05,Circulatory System (Heart),MED,1.5421,2.9
124,"CIRCULATORY DISORDERS EXCEPT AMI, W CARD CATH & COMPLEX DIAG",05,Circulatory System (Heart),MED,1.4564,3.3
125,"CIRCULATORY DISORDERS EXCEPT AMI, W CARD CATH W/O COMPLEX DIAG",05,Circulatory System (Heart),MED,1.1146,2.2
126,ACUTE & SUBACUTE ENDOCARDITIS,05,Circulatory System (Heart),MED,2.6051,9.0
127,HEART FAILURE & SHOCK,05,Circulatory System (Heart),MED,1.039,4.1
128,DEEP VEIN THROMBOPHLEBITIS,05,Circulatory System (Heart),MED,0.7475,4.6
129,"CARDIAC ARREST, UNEXPLAINED",05,Circulatory System (Heart),MED,1.0346,1.7
130,PERIPHERAL VASCULAR DISORDERS W CC,05,Circulatory System (Heart),MED,0.9566,4.5
131,PERIPHERAL VASCULAR DISORDERS W/O CC,05,Circulatory System (Heart),MED,0.5655,3.3
132,ATHEROSCLEROSIS W CC,05,Circulatory System (Heart),MED,0.6428,2.3
133,ATHEROSCLEROSIS W/O CC,05,Circulatory System (Heart),MED,0.5411,1.8
134,HYPERTENSION,05,Circulatory System (Heart),MED,0.6091,2.5
135,CARDIAC CONGENITAL & VALVULAR DISORDERS AGE >17 W CC,05,Circulatory System (Heart),MED,0.9264,3.4
136,CARDIAC CONGENITAL & VALVULAR DISORDERS AGE >17 W/O CC,05,Circulatory System (Heart),MED,0.5902,2.1
137,CARDIAC CONGENITAL & VALVULAR DISORDERS AGE 0-17,05,Circulatory System (Heart),MED,0.8249,3.3
138,CARDIAC ARRHYTHMIA & CONDUCTION DISORDERS W CC,05,Circulatory System (Heart),MED,0.8413,3.1
139,CARDIAC ARRHYTHMIA & CONDUCTION DISORDERS W/O CC,05,Circulatory System (Heart),MED,0.5234,2.0
140,ANGINA PECTORIS,05,Circulatory System (Heart),MED,0.5275,2.0
141,SYNCOPE & COLLAPSE W CC,05,Circulatory System (Heart),MED,0.7617,2.8
142,SYNCOPE & COLLAPSE W/O CC,05,Circulatory System (Heart),MED,0.5929,2.1
143,CHEST PAIN,05,Circulatory System (Heart),MED,0.5643,1.7
144,OTHER CIRCULATORY SYSTEM DIAGNOSES W CC,05,Circulatory System (Heart),MED,1.2502,4.0
145,OTHER CIRCULATORY SYSTEM DIAGNOSES W/O CC,05,Circulatory System (Heart),MED,0.585,2.0
146,RECTAL RESECTION W CC,06,Digestive System,SURG,2.6435,8.6
147,RECTAL RESECTION W/O CC,06,Digestive System,SURG,1.5194,5.4
148,MAJOR SMALL & LARGE BOWEL PROCEDURES W CC,06,Digestive System,SURG,3.3871,10.0
149,MAJOR SMALL & LARGE BOWEL PROCEDURES W/O CC,06,Digestive System,SURG,1.4352,5.6
150,PERITONEAL ADHESIOLYSIS W CC,06,Digestive System,SURG,2.7489,8.9
151,PERITONEAL ADHESIOLYSIS W/O CC,06,Digestive System,SURG,1.296,4.3
152,MINOR SMALL & LARGE BOWEL PROCEDURES W CC,06,Digestive System,SURG,1.8812,6.6
153,MINOR SMALL & LARGE BOWEL PROCEDURES W/O CC,06,Digestive System,SURG,1.1129,4.6
154,"STOMACH, ESOPHAGEAL & DUODENAL PROCEDURES AGE >17 W CC",06,Digestive System,SURG,4.0524,9.9
155,"STOMACH, ESOPHAGEAL & DUODENAL PROCEDURES AGE >17 W/O CC",06,Digestive System,SURG,1.2708,3.1
156,"STOMACH, ESOPHAGEAL & DUODENAL PROCEDURES AGE 0-17",06,Digestive System,SURG,0.8495,6.0
157,ANAL & STOMAL PROCEDURES W CC,06,Digestive System,SURG,1.2914,4.0
158,ANAL & STOMAL PROCEDURES W/O CC,06,Digestive System,SURG,0.6564,2.1
159,HERNIA PROCEDURES EXCEPT INGUINAL & FEMORAL AGE >17 W CC,06,Digestive System,SURG,1.3836,3.8
160,HERNIA PROCEDURES EXCEPT INGUINAL & FEMORAL AGE >17 W/O CC,06,Digestive System,SURG,0.8225,2.2
161,INGUINAL & FEMORAL HERNIA PROCEDURES AGE >17 W CC,06,Digestive System,SURG,1.1824,3.0
162,INGUINAL & FEMORAL HERNIA PROCEDURES AGE >17 W/O CC,06,Digestive System,SURG,0.6643,1.6
163,HERNIA PROCEDURES AGE 0-17,06,Digestive System,SURG,1.003,3.5
164,APPENDECTOMY W COMPLICATED PRINCIPAL DIAG W CC,06,Digestive System,SURG,2.2921,6.9
165,APPENDECTOMY W COMPLICATED PRINCIPAL DIAG W/O CC,06,Digestive System,SURG,1.1878,3.7
166,APPENDECTOMY W/O COMPLICATED PRINCIPAL DIAG W CC,06,Digestive System,SURG,1.4723,3.5
167,APPENDECTOMY W/O COMPLICATED PRINCIPAL DIAG W/O CC,06,Digestive System,SURG,0.8956,1.9
168,MOUTH PROCEDURES W CC,03,"Ear, Nose & Throat",SURG,1.2425,3.2
169,MOUTH PROCEDURES W/O CC,03,"Ear, Nose & Throat",SURG,0.7482,1.9
170,OTHER DIGESTIVE SYSTEM O.R. PROCEDURES W CC,06,Digestive System,SURG,2.8628,7.5
171,OTHER DIGESTIVE SYSTEM O.R. PROCEDURES W/O CC,06,Digestive System,SURG,1.1843,3.2
172,DIGESTIVE MALIGNANCY W CC,06,Digestive System,MED,1.3968,5.1
173,DIGESTIVE MALIGNANCY W/O CC,06,Digestive System,MED,0.7437,2.7
174,G.I. HEMORRHAGE W CC,06,Digestive System,MED,1.0109,3.8
175,G.I. HEMORRHAGE W/O CC,06,Digestive System,MED,0.5704,2.5
176,COMPLICATED PEPTIC ULCER,06,Digestive System,MED,1.1149,4.1
177,UNCOMPLICATED PEPTIC ULCER W CC,06,Digestive System,MED,0.9339,3.7
178,UNCOMPLICATED PEPTIC ULCER W/O CC,06,Digestive System,MED,0.6791,2.6
179,INFLAMMATORY BOWEL DISEASE,06,Digestive System,MED,1.1059,4.6
180,G.I. OBSTRUCTION W CC,06,Digestive System,MED,0.9753,4.2
181,G.I. OBSTRUCTION W/O CC,06,Digestive System,MED,0.5539,2.8
182,"ESOPHAGITIS, GASTROENT & MISC DIGEST DISORDERS AGE >17 W CC",06,Digestive System,MED,0.8255,3.4
183,"ESOPHAGITIS, GASTROENT & MISC DIGEST DISORDERS AGE >17 W/O CC",06,Digestive System,MED,0.5844,2.3
184,"ESOPHAGITIS, GASTROENT & MISC DIGEST DISORDERS AGE 0-17",06,Digestive System,MED,0.4851,2.5
185,"DENTAL & ORAL DIS EXCEPT EXTRACTIONS & RESTORATIONS, AGE >17",03,"Ear, Nose & Throat",MED,0.9124,3.4
186,"DENTAL & ORAL DIS EXCEPT EXTRACTIONS & RESTORATIONS, AGE 0-17",03,"Ear, Nose & Throat",MED,0.3238,2.9
187,DENTAL EXTRACTIONS & RESTORATIONS,03,"Ear, Nose & Throat",MED,0.8167,3.1
188,OTHER DIGESTIVE SYSTEM DIAGNOSES AGE >17 W CC,06,Digestive System,MED,1.1137,4.1
189,OTHER DIGESTIVE SYSTEM DIAGNOSES AGE >17 W/O CC,06,Digestive System,MED,0.5918,2.4
190,OTHER DIGESTIVE SYSTEM DIAGNOSES AGE 0-17,06,Digestive System,MED,0.521,3.3
191,"PANCREAS, LIVER & SHUNT PROCEDURES W CC",07,Liver & Pancreas,SURG,4.0497,9.3
192,"PANCREAS, LIVER & SHUNT PROCEDURES W/O CC",07,Liver & Pancreas,SURG,1.6269,4.2
193,BILIARY TRACT PROC EXCEPT ONLY CHOLECYST W OR W/O C.D.E. W CC,07,Liver & Pancreas,SURG,3.4161,10.3
194,BILIARY TRACT PROC EXCEPT ONLY CHOLECYST W OR W/O C.D.E. W/O CC,07,Liver & Pancreas,SURG,1.5689,5.4
195,CHOLECYSTECTOMY W C.D.E. W CC,07,Liver & Pancreas,SURG,2.8886,8.5
196,CHOLECYSTECTOMY W C.D.E. W/O CC,07,Liver & Pancreas,SURG,1.585,4.6
197,CHOLECYSTECTOMY EXCEPT BY LAPAROSCOPE W/O C.D.E. W CC,07,Liver & Pancreas,SURG,2.5179,7.4
198,CHOLECYSTECTOMY EXCEPT BY LAPAROSCOPE W/O C.D.E. W/O CC,07,Liver & Pancreas,SURG,1.1761,3.8
199,HEPATOBILIARY DIAGNOSTIC PROCEDURE FOR MALIGNANCY,07,Liver & Pancreas,SURG,2.338,6.8
200,HEPATOBILIARY DIAGNOSTIC PROCEDURE FOR NON-MALIGNANCY,07,Liver & Pancreas,SURG,2.9603,6.4
201,OTHER HEPATOBILIARY OR PANCREAS O.R. PROCEDURES,07,Liver & Pancreas,SURG,3.7522,10.2
202,CIRRHOSIS & ALCOHOLIC HEPATITIS,07,Liver & Pancreas,MED,1.3386,4.7
203,MALIGNANCY OF HEPATOBILIARY SYSTEM OR PANCREAS,07,Liver & Pancreas,MED,1.3825,5.0
204,DISORDERS OF PANCREAS EXCEPT MALIGNANCY,07,Liver & Pancreas,MED,1.144,4.3
205,"DISORDERS OF LIVER EXCEPT MALIG,CIRR,ALC HEPA W CC",07,Liver & Pancreas,MED,1.2122,4.5
206,"DISORDERS OF LIVER EXCEPT MALIG,CIRR,ALC HEPA W/O CC",07,Liver & Pancreas,MED,0.7271,3.0
207,DISORDERS OF THE BILIARY TRACT W CC,07,Liver & Pancreas,MED,1.187,4.1
208,DISORDERS OF THE BILIARY TRACT W/O CC,07,Liver & Pancreas,MED,0.6917,2.3
209,MAJOR JOINT & LIMB REATTACHMENT PROCEDURES OF LOWER EXTREMITY,08,Musculoskeletal (Bones & Joints),SURG,2.0332,4.3
210,HIP & FEMUR PROCEDURES EXCEPT MAJOR JOINT AGE >17 W CC,08,Musculoskeletal (Bones & Joints),SURG,1.8817,6.1
211,HIP & FEMUR PROCEDURES EXCEPT MAJOR JOINT AGE >17 W/O CC,08,Musculoskeletal (Bones & Joints),SURG,1.2675,4.4
212,HIP & FEMUR PROCEDURES EXCEPT MAJOR JOINT AGE 0-17,08,Musculoskeletal (Bones & Joints),SURG,1.4162,11.1
213,AMPUTATION FOR MUSCULOSKELETAL SYSTEM & CONN TISSUE DISORDERS,08,Musculoskeletal (Bones & Joints),SURG,1.8952,6.6
216,BIOPSIES OF MUSCULOSKELETAL SYSTEM & CONNECTIVE TISSUE,08,Musculoskeletal (Bones & Joints),SURG,1.8966,3.8
217,"WND DEBRID & SKN GRFT EXCEPT HAND,FOR MUSCSKELET & CONN TISS DIS",08,Musculoskeletal (Bones & Joints),SURG,2.9339,9.0
218,"LOWER EXTREM & HUMER PROC EXCEPT HIP,FOOT,FEMUR AGE >17 W CC",08,Musculoskeletal (Bones & Joints),SURG,1.5762,4.3
219,"LOWER EXTREM & HUMER PROC EXCEPT HIP,FOOT,FEMUR AGE >17 W/O CC",08,Musculoskeletal (Bones & Joints),SURG,1.0191,2.7
220,"LOWER EXTREM & HUMER PROC EXCEPT HIP,FOOT,FEMUR AGE 0-17",08,Musculoskeletal (Bones & Joints),SURG,0.5885,5.3
223,"MAJOR SHOULDER/ELBOW PROC, OR OTHER UPPER EXTREMITY PROC W CC",08,Musculoskeletal (Bones & Joints),SURG,1.0764,2.2
224,"SHOULDER,ELBOW OR FOREARM PROC,EXC MAJOR JOINT PROC, W/O CC",08,Musculoskeletal (Bones & Joints),SURG,0.7972,1.6
225,FOOT PROCEDURES,08,Musculoskeletal (Bones & Joints),SURG,1.1979,3.7
226,SOFT TISSUE PROCEDURES W CC,08,Musculoskeletal (Bones & Joints),SURG,1.5306,4.4
227,SOFT TISSUE PROCEDURES W/O CC,08,Musculoskeletal (Bones & Joints),SURG,0.8339,2.1
228,"MAJOR THUMB OR JOINT PROC,OR OTH HAND OR WRIST PROC W CC",08,Musculoskeletal (Bones & Joints),SURG,1.1649,2.8
229,"HAND OR WRIST PROC, EXCEPT MAJOR JOINT PROC, W/O CC",08,Musculoskeletal (Bones & Joints),SURG,0.7353,1.9
230,LOCAL EXCISION & REMOVAL OF INT FIX DEVICES OF HIP & FEMUR,08,Musculoskeletal (Bones & Joints),SURG,1.3454,3.7
232,ARTHROSCOPY,08,Musculoskeletal (Bones & Joints),SURG,0.9964,1.8
233,OTHER MUSCULOSKELET SYS & CONN TISS O.R. PROC W CC,08,Musculoskeletal (Bones & Joints),SURG,1.9542,5.4
234,OTHER MUSCULOSKELET SYS & CONN TISS O.R. PROC W/O CC,08,Musculoskeletal (Bones & Joints),SURG,1.1643,2.5
235,FRACTURES OF FEMUR,08,Musculoskeletal (Bones & Joints),MED,0.7512,3.7
236,FRACTURES OF HIP & PELVIS,08,Musculoskeletal (Bones & Joints),MED,0.7544,3.9
237,"SPRAINS, STRAINS, & DISLOCATIONS OF HIP, PELVIS & THIGH",08,Musculoskeletal (Bones & Joints),MED,0.6063,3.0
238,OSTEOMYELITIS,08,Musculoskeletal (Bones & Joints),MED,1.3708,6.5
239,PATHOLOGICAL FRACTURES & MUSCULOSKELETAL & CONN TISS MALIGNANCY,08,Musculoskeletal (Bones & Joints),MED,1.0811,5.0
240,CONNECTIVE TISSUE DISORDERS W CC,08,Musculoskeletal (Bones & Joints),MED,1.35,4.9
241,CONNECTIVE TISSUE DISORDERS W/O CC,08,Musculoskeletal (Bones & Joints),MED,0.6679,3.0
242,SEPTIC ARTHRITIS,08,Musculoskeletal (Bones & Joints),MED,1.1618,5.3
243,MEDICAL BACK PROBLEMS,08,Musculoskeletal (Bones & Joints),MED,0.7712,3.7
244,BONE DISEASES & SPECIFIC ARTHROPATHIES W CC,08,Musculoskeletal (Bones & Joints),MED,0.7137,3.6
245,BONE DISEASES & SPECIFIC ARTHROPATHIES W/O CC,08,Musculoskeletal (Bones & Joints),MED,0.4741,2.6
246,NON-SPECIFIC ARTHROPATHIES,08,Musculoskeletal (Bones & Joints),MED,0.5977,2.9
247,SIGNS & SYMPTOMS OF MUSCULOSKELETAL SYSTEM & CONN TISSUE,08,Musculoskeletal (Bones & Joints),MED,0.5825,2.6
248,"TENDONITIS, MYOSITIS & BURSITIS",08,Musculoskeletal (Bones & Joints),MED,0.8417,3.8
249,"AFTERCARE, MUSCULOSKELETAL SYSTEM & CONNECTIVE TISSUE",08,Musculoskeletal (Bones & Joints),MED,0.7006,2.6
250,"FX, SPRN, STRN & DISL OF FOREARM, HAND, FOOT AGE >17 W CC",08,Musculoskeletal (Bones & Joints),MED,0.6908,3.1
251,"FX, SPRN, STRN & DISL OF FOREARM, HAND, FOOT AGE >17 W/O CC",08,Musculoskeletal (Bones & Joints),MED,0.483,2.3
252,"FX, SPRN, STRN & DISL OF FOREARM, HAND, FOOT AGE 0-17",08,Musculoskeletal (Bones & Joints),MED,0.2555,1.8
253,"FX, SPRN, STRN & DISL OF UPARM,LOWLEG EX FOOT AGE >17 W CC",08,Musculoskeletal (Bones & Joints),MED,0.7664,3.7
254,"FX, SPRN, STRN & DISL OF UPARM,LOWLEG EX FOOT AGE >17 W/O CC",08,Musculoskeletal (Bones & Joints),MED,0.4555,2.5
255,"FX, SPRN, STRN & DISL OF UPARM,LOWLEG EX FOOT AGE 0-17",08,Musculoskeletal (Bones & Joints),MED,0.2976,2.9
256,OTHER MUSCULOSKELETAL SYSTEM & CONNECTIVE TISSUE DIAGNOSES,08,Musculoskeletal (Bones & Joints),MED,0.8218,3.9
257,TOTAL MASTECTOMY FOR MALIGNANCY W CC,09,Skin & Tissue,SURG,0.9117,2.1
258,TOTAL MASTECTOMY FOR MALIGNANCY W/O CC,09,Skin & Tissue,SURG,0.7155,1.6
259,SUBTOTAL MASTECTOMY FOR MALIGNANCY W CC,09,Skin & Tissue,SURG,0.9816,1.8
260,SUBTOTAL MASTECTOMY FOR MALIGNANCY W/O CC,09,Skin & Tissue,SURG,0.6982,1.2
261,BREAST PROC FOR NON-MALIGNANCY EXCEPT BIOPSY & LOCAL EXCISION,09,Skin & Tissue,SURG,0.9725,1.6
262,BREAST BIOPSY & LOCAL EXCISION FOR NON-MALIGNANCY,09,Skin & Tissue,SURG,0.9711,3.2
263,SKIN GRAFT &/OR DEBRID FOR SKN ULCER OR CELLULITIS W CC,09,Skin & Tissue,SURG,2.0413,8.3
264,SKIN GRAFT &/OR DEBRID FOR SKN ULCER OR CELLULITIS W/O CC,09,Skin & Tissue,SURG,1.0679,4.9
265,SKIN GRAFT &/OR DEBRID EXCEPT FOR SKIN ULCER OR CELLULITIS W CC,09,Skin & Tissue,SURG,1.598,4.2
266,SKIN GRAFT &/OR DEBRID EXCEPT FOR SKIN ULCER OR CELLULITIS W/O CC,09,Skin & Tissue,SURG,0.8616,2.3
267,PERIANAL & PILONIDAL PROCEDURES,09,Skin & Tissue,SURG,0.9036,2.8
268,"SKIN, SUBCUTANEOUS TISSUE & BREAST PLASTIC PROCEDURES",09,Skin & Tissue,SURG,1.2052,2.4
269,"OTHER SKIN, SUBCUT TISS & BREAST PROC W CC",09,Skin & Tissue,SURG,1.756,6.1
270,"OTHER SKIN, SUBCUT TISS & BREAST PROC W/O CC",09,Skin & Tissue,SURG,0.8173,2.6
271,SKIN ULCERS,09,Skin & Tissue,MED,1.0233,5.5
272,MAJOR SKIN DISORDERS W CC,09,Skin & Tissue,MED,1.0219,4.5
273,MAJOR SKIN DISORDERS W/O CC,09,Skin & Tissue,MED,0.5968,2.9
274,MALIGNANT BREAST DISORDERS W CC,09,Skin & Tissue,MED,1.1249,4.6
275,MALIGNANT BREAST DISORDERS W/O CC,09,Skin & Tissue,MED,0.5735,2.2
276,NON-MALIGANT BREAST DISORDERS,09,Skin & Tissue,MED,0.7233,3.7
277,CELLULITIS AGE >17 W CC,09,Skin & Tissue,MED,0.8877,4.7
278,CELLULITIS AGE >17 W/O CC,09,Skin & Tissue,MED,0.5531,3.5
279,CELLULITIS AGE 0-17,09,Skin & Tissue,MED,0.7785,4.2
280,"TRAUMA TO THE SKIN, SUBCUT TISS & BREAST AGE >17 W CC",09,Skin & Tissue,MED,0.7259,3.2
281,"TRAUMA TO THE SKIN, SUBCUT TISS & BREAST AGE >17 W/O CC",09,Skin & Tissue,MED,0.4944,2.3
282,"TRAUMA TO THE SKIN, SUBCUT TISS & BREAST AGE 0-17",09,Skin & Tissue,MED,0.2588,2.2
283,MINOR SKIN DISORDERS W CC,09,Skin & Tissue,MED,0.757,3.5
284,MINOR SKIN DISORDERS W/O CC,09,Skin & Tissue,MED,0.4291,2.3
285,"AMPUTAT OF LOWER LIMB FOR ENDOCRINE,NUTRIT,& METABOL DISORDERS",10,Endocrine & Metabolic,SURG,2.0637,7.9
286,ADRENAL & PITUITARY PROCEDURES,10,Endocrine & Metabolic,SURG,1.9324,4.2
287,"SKIN GRAFTS & WOUND DEBRID FOR ENDOC, NUTRIT & METAB DISORDERS",10,Endocrine & Metabolic,SURG,1.9092,7.5
288,O.R. PROCEDURES FOR OBESITY,10,Endocrine & Metabolic,SURG,2.1291,3.5
289,PARATHYROID PROCEDURES,10,Endocrine & Metabolic,SURG,0.9629,1.7
290,THYROID PROCEDURES,10,Endocrine & Metabolic,SURG,0.9022,1.6
291,THYROGLOSSAL PROCEDURES,10,Endocrine & Metabolic,SURG,0.6948,1.3
292,"OTHER ENDOCRINE, NUTRIT & METAB O.R. PROC W CC",10,Endocrine & Metabolic,SURG,2.7222,7.1
293,"OTHER ENDOCRINE, NUTRIT & METAB O.R. PROC W/O CC",10,Endocrine & Metabolic,SURG,1.4162,3.3
294,DIABETES AGE >35,10,Endocrine & Metabolic,MED,0.7809,3.4
295,DIABETES AGE 0-35,10,Endocrine & Metabolic,MED,0.7686,2.9
296,NUTRITIONAL & MISC METABOLIC DISORDERS AGE >17 W CC,10,Endocrine & Metabolic,MED,0.842,3.8
297,NUTRITIONAL & MISC METABOLIC DISORDERS AGE >17 W/O CC,10,Endocrine & Metabolic,MED,0.4992,2.6
298,NUTRITIONAL & MISC METABOLIC DISORDERS AGE 0-17,10,Endocrine & Metabolic,MED,0.5883,2.7
299,INBORN ERRORS OF METABOLISM,10,Endocrine & Metabolic,MED,0.9355,3.8
300,ENDOCRINE DISORDERS W CC,10,Endocrine & Metabolic,MED,1.0955,4.6
301,ENDOCRINE DISORDERS W/O CC,10,Endocrine & Metabolic,MED,0.644,2.8
302,KIDNEY TRANSPLANT,11,Kidney & Urinary Tract,SURG,3.1515,7.0
303,"KIDNEY,URETER & MAJOR BLADDER PROCEDURES FOR NEOPLASM",11,Kidney & Urinary Tract,SURG,2.3212,6.1
304,"KIDNEY,URETER & MAJOR BLADDER PROC FOR NON-NEOPL W CC",11,Kidney & Urinary Tract,SURG,2.3479,6.0
305,"KIDNEY,URETER & MAJOR BLADDER PROC FOR NON-NEOPL W/O CC",11,Kidney & Urinary Tract,SURG,1.1662,2.7
306,PROSTATECTOMY W CC,11,Kidney & Urinary Tract,SURG,1.2609,3.4
307,PROSTATECTOMY W/O CC,11,Kidney & Urinary Tract,SURG,0.6143,1.7
308,MINOR BLADDER PROCEDURES W CC,11,Kidney & Urinary Tract,SURG,1.5905,3.8
309,MINOR BLADDER PROCEDURES W/O CC,11,Kidney & Urinary Tract,SURG,0.8995,1.6
310,TRANSURETHRAL PROCEDURES W CC,11,Kidney & Urinary Tract,SURG,1.1659,3.0
311,TRANSURETHRAL PROCEDURES W/O CC,11,Kidney & Urinary Tract,SURG,0.6287,1.5
312,"URETHRAL PROCEDURES, AGE >17 W CC",11,Kidney & Urinary Tract,SURG,1.0704,3.1
313,"URETHRAL PROCEDURES, AGE >17 W/O CC",11,Kidney & Urinary Tract,SURG,0.6575,1.7
314,"URETHRAL PROCEDURES, AGE 0-17",11,Kidney & Urinary Tract,SURG,0.4988,2.3
315,OTHER KIDNEY & URINARY TRACT O.R. PROCEDURES,11,Kidney & Urinary Tract,SURG,2.0861,3.6
316,RENAL FAILURE,11,Kidney & Urinary Tract,MED,1.2823,4.9
317,ADMIT FOR RENAL DIALYSIS,11,Kidney & Urinary Tract,MED,0.8093,2.3
318,KIDNEY & URINARY TRACT NEOPLASMS W CC,11,Kidney & Urinary Tract,MED,1.1486,4.2
319,KIDNEY & URINARY TRACT NEOPLASMS W/O CC,11,Kidney & Urinary Tract,MED,0.6161,2.1
320,KIDNEY & URINARY TRACT INFECTIONS AGE >17 W CC,11,Kidney & Urinary Tract,MED,0.8776,4.3
321,KIDNEY & URINARY TRACT INFECTIONS AGE >17 W/O CC,11,Kidney & Urinary Tract,MED,0.5681,3.1
322,KIDNEY & URINARY TRACT INFECTIONS AGE 0-17,11,Kidney & Urinary Tract,MED,0.5257,3.0
323,"URINARY STONES W CC, &/OR ESW LITHOTRIPSY",11,Kidney & Urinary Tract,MED,0.8331,2.4
324,URINARY STONES W/O CC,11,Kidney & Urinary Tract,MED,0.4924,1.6
325,KIDNEY & URINARY TRACT SIGNS & SYMPTOMS AGE >17 W CC,11,Kidney & Urinary Tract,MED,0.663,2.9
326,KIDNEY & URINARY TRACT SIGNS & SYMPTOMS AGE >17 W/O CC,11,Kidney & Urinary Tract,MED,0.4374,2.1
327,KIDNEY & URINARY TRACT SIGNS & SYMPTOMS AGE 0-17,11,Kidney & Urinary Tract,MED,0.373,3.1
328,URETHRAL STRICTURE AGE >17 W CC,11,Kidney & Urinary Tract,MED,0.6783,2.5
329,URETHRAL STRICTURE AGE >17 W/O CC,11,Kidney & Urinary Tract,MED,0.4551,1.6
330,URETHRAL STRICTURE AGE 0-17,11,Kidney & Urinary Tract,MED,0.3212,1.6
331,OTHER KIDNEY & URINARY TRACT DIAGNOSES AGE >17 W CC,11,Kidney & Urinary Tract,MED,1.0595,4.1
332,OTHER KIDNEY & URINARY TRACT DIAGNOSES AGE >17 W/O CC,11,Kidney & Urinary Tract,MED,0.6032,2.4
333,OTHER KIDNEY & URINARY TRACT DIAGNOSES AGE 0-17,11,Kidney & Urinary Tract,MED,0.9336,3.7
334,MAJOR MALE PELVIC PROCEDURES W CC,12,Male Reproductive,SURG,1.4275,3.7
335,MAJOR MALE PELVIC PROCEDURES W/O CC,12,Male Reproductive,SURG,1.0871,2.6
336,TRANSURETHRAL PROSTATECTOMY W CC,12,Male Reproductive,SURG,0.8542,2.5
337,TRANSURETHRAL PROSTATECTOMY W/O CC,12,Male Reproductive,SURG,0.5821,1.7
338,"TESTES PROCEDURES, FOR MALIGNANCY",12,Male Reproductive,SURG,1.2137,3.4
339,"TESTES PROCEDURES, NON-MALIGNANCY AGE >17",12,Male Reproductive,SURG,1.2121,3.2
340,"TESTES PROCEDURES, NON-MALIGNANCY AGE 0-17",12,Male Reproductive,SURG,0.2855,2.4
341,PENIS PROCEDURES,12,Male Reproductive,SURG,1.2688,1.9
342,CIRCUMCISION AGE >17,12,Male Reproductive,SURG,0.7945,2.4
343,CIRCUMCISION AGE 0-17,12,Male Reproductive,SURG,0.1552,1.7
344,OTHER MALE REPRODUCTIVE SYSTEM O.R. PROCEDURES FOR MALIGNANCY,12,Male Reproductive,SURG,1.298,1.6
345,OTHER MALE REPRODUCTIVE SYSTEM O.R. PROC EXCEPT FOR MALIGNANCY,12,Male Reproductive,SURG,1.1932,3.1
346,"MALIGNANCY, MALE REPRODUCTIVE SYSTEM, W CC",12,Male Reproductive,MED,1.0888,4.5
347,"MALIGNANCY, MALE REPRODUCTIVE SYSTEM, W/O CC",12,Male Reproductive,MED,0.5268,2.0
348,BENIGN PROSTATIC HYPERTROPHY W CC,12,Male Reproductive,MED,0.729,3.2
349,BENIGN PROSTATIC HYPERTROPHY W/O CC,12,Male Reproductive,MED,0.4479,2.0
350,INFLAMMATION OF THE MALE REPRODUCTIVE SYSTEM,12,Male Reproductive,MED,0.7478,3.6
351,"STERILIZATION, MALE",12,Male Reproductive,MED,0.2381,1.3
352,OTHER MALE REPRODUCTIVE SYSTEM DIAGNOSES,12,Male Reproductive,MED,0.7615,3.0
353,"PELVIC EVISCERATION, RADICAL HYSTERECTOMY & RADICAL VULVECTOMY",13,Female Reproductive,SURG,1.8936,4.8
354,"UTERINE,ADNEXA PROC FOR NON-OVARIAN/ADNEXAL MALIG W CC",13,Female Reproductive,SURG,1.5316,4.7
355,"UTERINE,ADNEXA PROC FOR NON-OVARIAN/ADNEXAL MALIG W/O CC",13,Female Reproductive,SURG,0.8959,2.9
356,FEMALE REPRODUCTIVE SYSTEM RECONSTRUCTIVE PROCEDURES,13,Female Reproductive,SURG,0.7411,1.7
357,UTERINE & ADNEXA PROC FOR OVARIAN OR ADNEXAL MALIGNANCY,13,Female Reproductive,SURG,2.2302,6.6
358,UTERINE & ADNEXA PROC FOR NON-MALIGNANCY W CC,13,Female Reproductive,SURG,1.1696,3.3
359,UTERINE & ADNEXA PROC FOR NON-MALIGNANCY W/O CC,13,Female Reproductive,SURG,0.8029,2.3
360,"VAGINA, CERVIX & VULVA PROCEDURES",13,Female Reproductive,SURG,0.8674,2.1
361,LAPAROSCOPY & INCISIONAL TUBAL INTERRUPTION,13,Female Reproductive,SURG,1.125,2.3
362,ENDOSCOPIC TUBAL INTERRUPTION,13,Female Reproductive,SURG,0.3043,1.4
363,"D&C, CONIZATION & RADIO-IMPLANT, FOR MALIGNANCY",13,Female Reproductive,SURG,0.9725,2.7
364,"D&C, CONIZATION EXCEPT FOR MALIGNANCY",13,Female Reproductive,SURG,0.985,3.1
365,OTHER FEMALE REPRODUCTIVE SYSTEM O.R. PROCEDURES,13,Female Reproductive,SURG,2.0636,5.2
366,"MALIGNANCY, FEMALE REPRODUCTIVE SYSTEM W CC",13,Female Reproductive,MED,1.2628,4.9
367,"MALIGNANCY, FEMALE REPRODUCTIVE SYSTEM W/O CC",13,Female Reproductive,MED,0.5495,2.3
368,"INFECTIONS, FEMALE REPRODUCTIVE SYSTEM",13,Female Reproductive,MED,1.1972,5.2
369,MENSTRUAL & OTHER FEMALE REPRODUCTIVE SYSTEM DISORDERS,13,Female Reproductive,MED,0.6213,2.4
370,CESAREAN SECTION W CC,14,Pregnancy & Childbirth,SURG,0.8981,4.2
371,CESAREAN SECTION W/O CC,14,Pregnancy & Childbirth,SURG,0.6221,3.2
372,VAGINAL DELIVERY W COMPLICATING DIAGNOSES,14,Pregnancy & Childbirth,MED,0.546,2.7
373,VAGINAL DELIVERY W/O COMPLICATING DIAGNOSES,14,Pregnancy & Childbirth,MED,0.3601,2.0
374,VAGINAL DELIVERY W STERILIZATION &/OR D&C,14,Pregnancy & Childbirth,SURG,0.6642,2.7
375,VAGINAL DELIVERY W O.R. PROC EXCEPT STERIL &/OR D&C,14,Pregnancy & Childbirth,SURG,0.581,4.4
376,POSTPARTUM & POST ABORTION DIAGNOSES W/O O.R. PROCEDURE,14,Pregnancy & Childbirth,MED,0.54,2.6
377,POSTPARTUM & POST ABORTION DIAGNOSES W O.R. PROCEDURE,14,Pregnancy & Childbirth,SURG,1.1199,3.2
378,ECTOPIC PREGNANCY,14,Pregnancy & Childbirth,MED,0.7809,1.9
379,THREATENED ABORTION,14,Pregnancy & Childbirth,MED,0.3757,2.0
380,ABORTION W/O D&C,14,Pregnancy & Childbirth,MED,0.3539,1.5
381,"ABORTION W D&C, ASPIRATION CURETTAGE OR HYSTEROTOMY",14,Pregnancy & Childbirth,SURG,0.6633,1.5
382,FALSE LABOR,14,Pregnancy & Childbirth,MED,0.2345,1.5
383,OTHER ANTEPARTUM DIAGNOSES W MEDICAL COMPLICATIONS,14,Pregnancy & Childbirth,MED,0.507,2.7
384,OTHER ANTEPARTUM DIAGNOSES W/O MEDICAL COMPLICATIONS,14,Pregnancy & Childbirth,MED,0.2913,1.6
385,"NEONATES, DIED OR TRANSFERRED TO ANOTHER ACUTE CARE FACILITY",15,Newborns,MED,1.3865,1.8
386,"EXTREME IMMATURITY OR RESPIRATORY DISTRESS SYNDROME, NEONATE",15,Newborns,MED,4.5721,17.9
387,PREMATURITY W MAJOR PROBLEMS,15,Newborns,MED,3.1226,13.3
388,PREMATURITY W/O MAJOR PROBLEMS,15,Newborns,MED,1.8841,8.6
389,FULL TERM NEONATE W MAJOR PROBLEMS,15,Newborns,MED,3.2076,4.7
390,NEONATE W OTHER SIGNIFICANT PROBLEMS,15,Newborns,MED,1.1352,3.4
391,NORMAL NEWBORN,15,Newborns,MED,0.1537,3.1
392,SPLENECTOMY AGE >17,16,Blood & Immune Disorders,SURG,3.2387,6.7
393,SPLENECTOMY AGE 0-17,16,Blood & Immune Disorders,SURG,1.3581,9.1
394,OTHER O.R. PROCEDURES OF THE BLOOD AND BLOOD FORMING ORGANS,16,Blood & Immune Disorders,SURG,1.8868,4.4
395,RED BLOOD CELL DISORDERS AGE >17,16,Blood & Immune Disorders,MED,0.8399,3.2
396,RED BLOOD CELL DISORDERS AGE 0-17,16,Blood & Immune Disorders,MED,2.5293,5.3
397,COAGULATION DISORDERS,16,Blood & Immune Disorders,MED,1.2284,3.7
398,RETICULOENDOTHELIAL & IMMUNITY DISORDERS W CC,16,Blood & Immune Disorders,MED,1.2347,4.6
399,RETICULOENDOTHELIAL & IMMUNITY DISORDERS W/O CC,16,Blood & Immune Disorders,MED,0.6583,2.6
401,LYMPHOMA & NON-ACUTE LEUKEMIA W OTHER O.R. PROC W CC,17,Cancer & Tumors,SURG,2.9598,8.0
402,LYMPHOMA & NON-ACUTE LEUKEMIA W OTHER O.R. PROC W/O CC,17,Cancer & Tumors,SURG,1.1533,2.8
403,LYMPHOMA & NON-ACUTE LEUKEMIA W CC,17,Cancer & Tumors,MED,1.8172,5.7
404,LYMPHOMA & NON-ACUTE LEUKEMIA W/O CC,17,Cancer & Tumors,MED,0.8923,3.0
405,ACUTE LEUKEMIA W/O MAJOR O.R. PROCEDURE AGE 0-17,17,Cancer & Tumors,MED,1.9255,4.9
406,MYELOPROLIF DISORD OR POORLY DIFF NEOPL W MAJ O.R.PROC W CC,17,Cancer & Tumors,SURG,2.7644,6.8
407,MYELOPROLIF DISORD OR POORLY DIFF NEOPL W MAJ O.R.PROC W/O CC,17,Cancer & Tumors,SURG,1.2158,3.3
408,MYELOPROLIF DISORD OR POORLY DIFF NEOPL W OTHER O.R.PROC,17,Cancer & Tumors,SURG,2.198,4.9
409,RADIOTHERAPY,17,Cancer & Tumors,MED,1.3093,4.4
410,CHEMOTHERAPY W/O ACUTE LEUKEMIA AS SECONDARY DIAGNOSIS,17,Cancer & Tumors,MED,1.1163,3.1
411,HISTORY OF MALIGNANCY W/O ENDOSCOPY,17,Cancer & Tumors,MED,0.3951,4.7
412,HISTORY OF MALIGNANCY W ENDOSCOPY,17,Cancer & Tumors,MED,0.6424,1.2
413,OTHER MYELOPROLIF DIS OR POORLY DIFF NEOPL DIAG W CC,17,Cancer & Tumors,MED,1.3974,5.4
414,OTHER MYELOPROLIF DIS OR POORLY DIFF NEOPL DIAG W/O CC,17,Cancer & Tumors,MED,0.6494,2.9
415,O.R. PROCEDURE FOR INFECTIOUS & PARASITIC DISEASES,18,Infectious Diseases,SURG,3.6291,10.2
416,SEPTICEMIA AGE >17,18,Infectious Diseases,MED,1.5982,5.5
417,SEPTICEMIA AGE 0-17,18,Infectious Diseases,MED,1.4132,3.8
418,POSTOPERATIVE & POST-TRAUMATIC INFECTIONS,18,Infectious Diseases,MED,1.0726,4.8
419,FEVER OF UNKNOWN ORIGIN AGE >17 W CC,18,Infectious Diseases,MED,0.8898,3.6
420,FEVER OF UNKNOWN ORIGIN AGE >17 W/O CC,18,Infectious Diseases,MED,0.6021,2.7
421,VIRAL ILLNESS AGE >17,18,Infectious Diseases,MED,0.8107,3.2
422,VIRAL ILLNESS & FEVER OF UNKNOWN ORIGIN AGE 0-17,18,Infectious Diseases,MED,0.5944,2.6
423,OTHER INFECTIOUS & PARASITIC DISEASES DIAGNOSES,18,Infectious Diseases,MED,1.7834,5.8
424,O.R. PROCEDURE W PRINCIPAL DIAGNOSES OF MENTAL ILLNESS,19,Mental Health,SURG,2.4327,7.6
425,ACUTE ADJUSTMENT REACTION & PSYCHOSOCIAL DYSFUNCTION,19,Mental Health,MED,0.6839,2.8
426,DEPRESSIVE NEUROSES,19,Mental Health,MED,0.4845,3.1
427,NEUROSES EXCEPT DEPRESSIVE,19,Mental Health,MED,0.5124,3.2
428,DISORDERS OF PERSONALITY & IMPULSE CONTROL,19,Mental Health,MED,0.7762,4.8
429,ORGANIC DISTURBANCES & MENTAL RETARDATION,19,Mental Health,MED,0.8248,4.4
430,PSYCHOSES,19,Mental Health,MED,0.6608,5.6
431,CHILDHOOD MENTAL DISORDERS,19,Mental Health,MED,0.4825,3.9
432,OTHER MENTAL DISORDER DIAGNOSES,19,Mental Health,MED,0.6486,3.1
433,"ALCOHOL/DRUG ABUSE OR DEPENDENCE, LEFT AMA",20,Alcohol & Drug Use,MED,0.2836,2.2
439,SKIN GRAFTS FOR INJURIES,21,Injuries & Poisonings,SURG,1.8778,5.2
440,WOUND DEBRIDEMENTS FOR INJURIES,21,Injuries & Poisonings,SURG,1.8415,5.7
441,HAND PROCEDURES FOR INJURIES,21,Injuries & Poisonings,SURG,0.8694,2.1
442,OTHER O.R. PROCEDURES FOR INJURIES W CC,21,Injuries & Poisonings,SURG,2.4839,5.8
443,OTHER O.R. PROCEDURES FOR INJURIES W/O CC,21,Injuries & Poisonings,SURG,1.0074,2.6
444,TRAUMATIC INJURY AGE >17 W CC,21,Injuries & Poisonings,MED,0.7705,3.1
445,TRAUMATIC INJURY AGE >17 W/O CC,21,Injuries & Poisonings,MED,0.5121,2.2
446,TRAUMATIC INJURY AGE 0-17,21,Injuries & Poisonings,MED,0.2985,2.4
447,ALLERGIC REACTIONS AGE >17,21,Injuries & Poisonings,MED,0.5431,1.9
448,ALLERGIC REACTIONS AGE 0-17,21,Injuries & Poisonings,MED,0.0982,2.9
449,POISONING & TOXIC EFFECTS OF DRUGS AGE >17 W CC,21,Injuries & Poisonings,MED,0.8515,2.6
450,POISONING & TOXIC EFFECTS OF DRUGS AGE >17 W/O CC,21,Injuries & Poisonings,MED,0.4314,1.6
451,POISONING & TOXIC EFFECTS OF DRUGS AGE 0-17,21,Injuries & Poisonings,MED,0.265,2.1
452,COMPLICATIONS OF TREATMENT W CC,21,Injuries & Poisonings,MED,1.0418,3.5
453,COMPLICATIONS OF TREATMENT W/O CC,21,Injuries & Poisonings,MED,0.5226,2.2
454,"OTHER INJURY, POISONING & TOXIC EFFECT DIAG W CC",21,Injuries & Poisonings,MED,0.8494,3.0
455,"OTHER INJURY, POISONING & TOXIC EFFECT DIAG W/O CC",21,Injuries & Poisonings,MED,0.4804,1.8
461,O.R. PROC W DIAGNOSES OF OTHER CONTACT W HEALTH SERVICES,23,Health Status & Other,SURG,1.2114,2.2
462,REHABILITATION,23,Health Status & Other,MED,0.8865,8.9
463,SIGNS & SYMPTOMS W CC,23,Health Status & Other,MED,0.7073,3.1
464,SIGNS & SYMPTOMS W/O CC,23,Health Status & Other,MED,0.5123,2.4
465,AFTERCARE W HISTORY OF MALIGNANCY AS SECONDARY DIAGNOSIS,23,Health Status & Other,MED,0.5976,2.0
466,AFTERCARE W/O HISTORY OF MALIGNANCY AS SECONDARY DIAGNOSIS,23,Health Status & Other,MED,0.6416,2.4
467,OTHER FACTORS INFLUENCING HEALTH STATUS,23,Health Status & Other,MED,0.5604,2.0
468,EXTENSIVE O.R. PROCEDURE UNRELATED TO PRINCIPAL DIAGNOSIS,nan,Unknown,nan,3.9472,9.6
471,BILATERAL OR MULTIPLE MAJOR JOINT PROCS OF LOWER EXTREMITY,08,Musculoskeletal (Bones & Joints),SURG,3.0523,4.6
473,ACUTE LEUKEMIA W/O MAJOR O.R. PROCEDURE AGE >17,17,Cancer & Tumors,MED,3.5386,7.6
475,RESPIRATORY SYSTEM DIAGNOSIS WITH VENTILATOR SUPPORT,04,Respiratory System,MED,3.6166,8.0
476,PROSTATIC O.R. PROCEDURE UNRELATED TO PRINCIPAL DIAGNOSIS,nan,Unknown,SURG,2.2487,7.8
477,NON-EXTENSIVE O.R. PROCEDURE UNRELATED TO PRINCIPAL DIAGNOSIS,nan,Unknown,SURG,2.0181,5.6
478,OTHER VASCULAR PROCEDURES W CC,05,Circulatory System (Heart),SURG,2.3989,4.8
479,OTHER VASCULAR PROCEDURES W/O CC,05,Circulatory System (Heart),SURG,1.4402,2.3
480,LIVER TRANSPLANT AND/OR INTESTINAL TRANSPLANT,PRE,Pre-MDC (Transplants & Critical Care),SURG,9.8696,13.2
481,BONE MARROW TRANSPLANT,PRE,Pre-MDC (Transplants & Critical Care),SURG,6.4851,19.1
482,"TRACHEOSTOMY FOR FACE,MOUTH & NECK DIAGNOSES",PRE,Pre-MDC (Transplants & Critical Care),SURG,3.1977,9.3
484,CRANIOTOMY FOR MULTIPLE SIGNIFICANT TRAUMA,24,Multiple Trauma,SURG,5.0869,8.8
485,"LIMB REATTACHMENT, HIP AND FEMUR PROC FOR MULTIPLE SIGNIFICANT TRA",24,Multiple Trauma,SURG,3.1808,7.9
486,OTHER O.R. PROCEDURES FOR MULTIPLE SIGNIFICANT TRAUMA,24,Multiple Trauma,SURG,4.7311,8.7
487,OTHER MULTIPLE SIGNIFICANT TRAUMA,24,Multiple Trauma,MED,1.9715,5.3
488,HIV W EXTENSIVE O.R. PROCEDURE,25,HIV Infections,SURG,4.8891,11.9
489,HIV W MAJOR RELATED CONDITION,25,HIV Infections,MED,1.7764,5.9
490,HIV W OR W/O OTHER RELATED CONDITION,25,HIV Infections,MED,1.0543,3.8
491,MAJOR JOINT & LIMB REATTACHMENT PROCEDURES OF UPPER EXTREMITY,08,Musculoskeletal (Bones & Joints),SURG,1.7028,2.7
492,CHEMOTHERAPY W ACUTE LEUKEMIA OR W USE OF HI DOSE CHEMOAGENT,17,Cancer & Tumors,MED,3.8509,9.4
493,LAPAROSCOPIC CHOLECYSTECTOMY W/O C.D.E. W CC,07,Liver & Pancreas,SURG,1.8368,4.5
494,LAPAROSCOPIC CHOLECYSTECTOMY W/O C.D.E. W/O CC,07,Liver & Pancreas,SURG,1.0218,2.1
495,LUNG TRANSPLANT,PRE,Pre-MDC (Transplants & Critical Care),SURG,8.844,13.9
496,COMBINED ANTERIOR/POSTERIOR SPINAL FUSION,08,Musculoskeletal (Bones & Joints),SURG,5.8072,6.6
497,SPINAL FUSION EXCEPT CERVICAL W CC,08,Musculoskeletal (Bones & Joints),SURG,3.5251,5.2
498,SPINAL FUSION EXCEPT CERVICAL W/O CC,08,Musculoskeletal (Bones & Joints),SURG,2.6527,3.6
499,BACK & NECK PROCEDURES EXCEPT SPINAL FUSION W CC,08,Musculoskeletal (Bones & Joints),SURG,1.4409,3.2
500,BACK & NECK PROCEDURES EXCEPT SPINAL FUSION W/O CC,08,Musculoskeletal (Bones & Joints),SURG,0.9436,1.9
501,KNEE PROCEDURES W PDX OF INFECTION W CC,08,Musculoskeletal (Bones & Joints),SURG,2.4285,8.0
502,KNEE PROCEDURES W PDX OF INFECTION W/O CC,08,Musculoskeletal (Bones & Joints),SURG,1.4275,5.1
503,KNEE PROCEDURES W/O PDX OF INFECTION,08,Musculoskeletal (Bones & Joints),SURG,1.2167,2.9
504,EXTEN. BURNS OR FULL THICKNESS BURN W/MV 96+HRS W/SKIN GFT,22,Burns,SURG,13.0063,23.1
505,EXTEN. BURNS OR FULL THICKNESS BURN W/MV 96+HRS W/O SKIN GFT,22,Burns,MED,1.8727,2.3
506,FULL THICKNESS BURN W SKIN GRAFT OR INHAL INJ W CC OR SIG TRAUMA,22,Burns,SURG,4.0604,11.6
507,FULL THICKNESS BURN W SKIN GRFT OR INHAL INJ W/O CC OR SIG TRAUMA,22,Burns,SURG,1.8618,6.6
508,FULL THICKNESS BURN W/O SKIN GRFT OR INHAL INJ W CC OR SIG TRAUMA,22,Burns,MED,1.3358,5.1
509,FULL THICKNESS BURN W/O SKIN GRFT OR INH INJ W/O CC OR SIG TRAUMA,22,Burns,MED,0.6859,3.4
510,NON-EXTENSIVE BURNS W CC OR SIGNIFICANT TRAUMA,22,Burns,MED,1.2739,4.5
511,NON-EXTENSIVE BURNS W/O CC OR SIGNIFICANT TRAUMA,22,Burns,MED,0.7058,2.9
512,SIMULTANEOUS PANCREAS/KIDNEY TRANSPLANT,PRE,Pre-MDC (Transplants & Critical Care),SURG,6.0202,11.4
513,PANCREAS TRANSPLANT,PRE,Pre-MDC (Transplants & Critical Care),SURG,6.3212,8.9
515,CARDIAC DEFIBRILLATOR IMPLANT W/O CARDIAC CATH,05,Circulatory System (Heart),SURG,5.4339,2.7
516,PERCUTANEOUS CARDIOVASC PROC W AMI,05,Circulatory System (Heart),SURG,2.6457,3.7
517,PERC CARDIO PROC W NON-DRUG ELUTING STENT W/O AMI,05,Circulatory System (Heart),SURG,2.1106,1.8
518,PERC CARDIO PROC W/O CORONARY ARTERY STENT OR AMI,05,Circulatory System (Heart),SURG,1.7509,2.3
519,CERVICAL SPINAL FUSION W CC,08,Musculoskeletal (Bones & Joints),SURG,2.4146,3.1
520,CERVICAL SPINAL FUSION W/O CC,08,Musculoskeletal (Bones & Joints),SURG,1.63,1.6
521,ALCOHOL/DRUG ABUSE OR DEPENDENCE W CC,20,Alcohol & Drug Use,MED,0.6988,4.2
522,ALC/DRUG ABUSE OR DEPEND W REHABILITATION THERAPY W/O CC,20,Alcohol & Drug Use,MED,0.4947,7.6
523,ALC/DRUG ABUSE OR DEPEND W/O REHABILITATION THERAPY W/O CC,20,Alcohol & Drug Use,MED,0.3885,3.2
524,TRANSIENT ISCHEMIA,01,Nervous System,MED,0.7414,2.6
525,OTHER HEART ASSIST SYSTEM IMPLANT,05,Circulatory System (Heart),SURG,11.3749,8.2
526,PERCUTNEOUS CARDIOVASULAR PROC W DRUG ELUTING STENT W AMI,05,Circulatory System (Heart),SURG,2.9741,3.3
527,PERCUTNEOUS CARDIOVASULAR PROC W DRUG ELUTING STENT W/O AMI,05,Circulatory System (Heart),SURG,2.3282,1.6
528,INTRACRANIAL VASCULAR PROC W PDX HEMORRHAGE,01,Nervous System,SURG,6.8481,13.8
529,VENTRICULAR SHUNT PROCEDURES W CC,01,Nervous System,SURG,2.2165,5.2
530,VENTRICULAR SHUNT PROCEDURES W/O CC,01,Nervous System,SURG,1.1945,2.5
531,SPINAL PROCEDURES W CC,01,Nervous System,SURG,3.098,6.5
532,SPINAL PROCEDURES W/O CC,01,Nervous System,SURG,1.4676,2.9
533,EXTRACRANIAL PROCEDURES W CC,01,Nervous System,SURG,1.6498,2.6
534,EXTRACRANIAL PROCEDURES W/O CC,01,Nervous System,SURG,1.0515,1.6
535,CARDIAC DEFIB IMPLANT W CARDIAC CATH W AMI/HF/SHOCK,05,Circulatory System (Heart),SURG,7.6973,6.2
536,CARDIAC DEFIB IMPLANT W CARDIAC CATH W/O AMI/HF/SHOCK,05,Circulatory System (Heart),SURG,6.2417,3.5
537,LOCAL EXCIS & REMOV OF INT FIX DEV EXCEPT HIP & FEMUR W CC,08,Musculoskeletal (Bones & Joints),SURG,1.7961,4.7
538,LOCAL EXCIS & REMOV OF INT FIX DEV EXCEPT HIP & FEMUR W/O CC,08,Musculoskeletal (Bones & Joints),SURG,0.994,2.1
539,LYMPHOMA & LEUKEMIA W MAJOR OR PROCEDURE W CC,17,Cancer & Tumors,SURG,3.3809,7.4
540,LYMPHOMA & LEUKEMIA W MAJOR OR PROCEDURE W/O CC,17,Cancer & Tumors,SURG,1.2864,2.9
541,"TRACH W MV 96+HRS OR PDX EXC FACE,MOUTH, & NECK DX W/MAJ OR",PRE,Pre-MDC (Transplants & Critical Care),SURG,20.0414,38.7
542,"TRACH W MV 96+HRS OR PDX EXC FACE, MOUTH, & NECK DX W/O MJ OR",PRE,Pre-MDC (Transplants & Critical Care),SURG,12.0286,27.5
543,CRANIOTOMY W/IMPLANT OF CHEMO AGENT OR ACUTE COMPLEX CNS PDX,01,Nervous System,SURG,4.4579,8.7
